{
  "sorting": "ascending",
  "count_libraries": false,
  "compact_list": false,
  "count_children": true,
  "mods_button_style": "shrink",
  "count_hidden_mods": false,
  "mod_count_location": "mods_button",
  "hide_mod_links": false,
  "show_libraries": false,
  "hide_mod_license": true,
  "hide_badges": false,
  "hide_mod_credits": true,
  "easter_eggs": true,
  "modify_title_screen": true,
  "modify_game_menu": true,
  "hide_config_buttons": false,
  "hidden_mods": [
    "minecraft",
    "libjf",
    "org_apache_httpcomponents_httpcore",
    "malilib",
    "org_jetbrains_kotlinx_kotlinx-coroutines-core",
    "transliterationlib",
    "advanced_runtime_resource_pack",
    "cloth-api",
    "org_apache_httpcomponents_httpclient",
    "essential-loader",
    "essential-container",
    "fabric-language-kotlin",
    "worldmesher",
    "org_apache_httpcomponents_httpmime",
    "fabric-language-scala",
    "org_jetbrains_annotations",
	"cloth-basic-math",
	"pride",
	"soundcategories",
	"caffeineconfig"
  ],
  "log_deprecation_warnings": true
}